id_venda,nome_cliente,idade,cidade_cliente,estado,moto,marca,categoria,ano_moto,valor_moto,loja,cidade_loja,vendedor,status_venda,forma_pagamento,data_venda,email,telefone
1,Bruno Lima,30,Vinhedo,SP,CB 500F,Honda,Naked,2024,"R$ 42.500,00",Moto Center Campinas,Campinas,João Silva,Concluída,Financiamento,15/01/2026,bruno.lima@email.com,11999990001
2,Ana Souza,,Campinas,SP,Ninja 400,Kawasaki,Esportiva,2023,"R$ 35.900,00",Moto Center Campinas,Campinas,Maria Oliveira,Agendada,Cartão,20/01/2026,ana.souza@email.com,11999990002
3,Carlos Mendes,40,Jundiai,SP,MT-03,Yamaha,Naked,2024,"R$ 32.490,00",Moto Center Jundiaí,Jundiai,Carlos Santos,Cancelada,Financiamento,05/02/2026,carlos.mendes@email.com,11999990003
4, Mariana Silva ,35," Valinhos ",SP,PCX 160,Honda,Scooter,2025,"R$ 21.500,00",Moto Center Valinhos, Valinhos ,Pedro Souza,Concluída,Pix,10/02/2026, mariana.silva@email.com ,11999990004
5,Joao Santos,52,Campinas,SP,Versys 650,Kawasaki,Trail,2024,"R$ 49.900,00",Moto Center Campinas,Campinas,João Silva,Concluída,Financiamento,15/02/2026,joao.santos@email.com,11999990005
5,Joao Santos,52,Campinas,SP,Versys 650,Kawasaki,Trail,2024,"R$ 49.900,00",Moto Center Campinas,Campinas,João Silva,Concluída,Financiamento,15/02/2026,joao.santos@email.com,11999990005
6,Pedro Oliveira,28,Campinas,SP,CB 300F,Honda,naked,2025,"R$ 29.990,00",Moto Center Campinas,Campinas,maria oliveira,concluida,Pix,20/02/2026,pedro.oliveira@email.com,11999990006
7,Juliana Costa,45,CAMPINAS,SP,FAZER 250,YAMAHA,Naked,2024,"R$ 27.500,00",Moto Center Campinas,CAMPINAS,MARIA OLIVEIRA,AGENDADA,Cartão,01/03/2026,juliana.costa@email.com,11999990007
8,Marcos Pereira,67," Campinas ",SP,Ténéré 700,Yamaha,TRAIL,2023,"R$ 68.900,00",Moto Center Campinas, Campinas ,Carlos Santos,Cancelada,Financiamento,05/03/2026,marcos.pereira@email.com,11999990008
9,Fernanda Alves,29,Vinhedo,SP,NMAX 160,Yamaha,Scooter,2025,"R$ 20.900,00",Moto Center Vinhedo,Vinhedo,João Silva,Concluída,Pix,10/03/2026,fernanda.alves@email.com,11999990009
10,Rafael Souza,,Jundiai,SP,CB 650R,Honda,Naked,2024,"R$ 52.990,00",Moto Center Jundiaí,Jundiai,Carlos Santos,agendada,Financiamento,15/03/2026,rafael.souza@email.com,11999990010
11,Patricia Lima,38,Campinas,SP,SH 150i,Honda,Scooter,2024,"R$ 18.500,00",Moto Center Campinas,Campinas,Maria Oliveira,CONCLUIDA,Cartão,20/03/2026,patricia.lima@email.com,11999990011
12,Gabriel Santos,150,Valinhos,SP,Versys 650,Kawasaki,Trail,2024,"R$ 49.900,00",Moto Center Valinhos,Valinhos,Pedro Souza,Concluída,Financiamento,01/04/2026,gabriel.santos@email.com,11999990012
13,Beatriz Oliveira,22,Vinhedo,SP,FAZER 250,Yamaha,Naked,2024,"R$ 27.500,00",Moto Center Vinhedo,Vinhedo,João Silva,Cancelada,Cartão,05/04/2026,beatriz.oliveira@email.com,11999990013
14,Lucas Ferreira,41,Campinas,SP,CB 500X,Honda,Trail,2025,"R$ 45.990,00",Moto Center Campinas,Campinas,Maria Oliveira,Agendada,Financiamento,10/04/2026,lucas.ferreira@email.com,11999990014
15,Amanda Rodrigues,34," Campinas ",SP,"  PCX 160 ",Honda,Scooter,2025,"R$ 21.500,00",Moto Center Campinas,Campinas,Pedro Souza,Concluída,Pix,15/04/2026,amanda.rodrigues@email.com,11999990015
16,Diego Martins,39,JUNDIAI,SP,MT-07,YAMAHA,Naked,2024,"R$ 49.990,00",Moto Center Jundiaí,JUNDIAI,CARLOS SANTOS,concluida,Financiamento,20/04/2026,diego.martins@email.com,11999990016
17,Carolina Gomes,27,Valinhos,SP,Ninja 400,Kawasaki,Esportiva,2023,"R$ 35.900,00",Moto Center Valinhos,Valinhos,Pedro Souza,Cancelada,Cartão,01/05/2026,carolina.gomes@email.com,11999990017
18,Thiago Alves,63,Campinas,SP,CB 500F,Honda,Naked,2024,"R$ 42.500,00",Moto Center Campinas,Campinas,João Silva,Concluída,Financiamento,05/05/2026,thiago.alves@email.com,11999990018
19,Julio Santos,-5,Vinhedo,SP,NMAX 160,Yamaha,Scooter,2025,"R$ 20.900,00",Moto Center Vinhedo,Vinhedo,João Silva,Agendada,Pix,10/05/2026,julio.santos@email.com,11999990019
20,Renata Costa,31,Campinas,SP,SH 150i,Honda,Scooter,2024,"R$ 18.500,00",Moto Center Campinas,Campinas,Maria Oliveira,Concluída,Cartão,15/05/2026,renata.costa@email.com,11999990020
21,Mariana Silva,35,Valinhos,SP,PCX 160,Honda,Scooter,2025,"R$ 21.500,00",Moto Center Valinhos,Valinhos,Pedro Souza,Concluída,Pix,20/05/2026,mariana.silva@email.com,11999990004
22,Roberto Lima,49,Campinas,SP,CB 650R,Honda,Naked,2024,"R$ 52.990,00",Moto Center Campinas,Campinas,João Silva,Cancelada,Financiamento,01/06/2026,roberto.lima@email.com,11999990021
23,Isabela Mendes,26,Vinhedo,SP,NMAX 160,Yamaha,Scooter,2025,"R$ 20.900,00",Moto Center Vinhedo,Vinhedo,João Silva,Agendada,Pix,05/06/2026,isabela.mendes@email.com,11999990022
24,Daniel Souza,58,Campinas,SP,CB 500X,Honda,Trail,2025,"R$ 45.990,00",Moto Center Campinas,Campinas,Maria Oliveira,Concluída,Financiamento,10/06/2026,daniel.souza@email.com,11999990023
25,Vanessa Oliveira,,Valinhos,SP,PCX 160,Honda,Scooter,2025,"R$ 21.500,00",Moto Center Valinhos,Valinhos,Pedro Souza,Agendada,Cartão,15/06/2026,vanessa.oliveira@email.com,11999990024
26,Andre Pereira,36,Campinas,SP,MT-03,Yamaha,Naked,2024,"R$ 32.490,00",Moto Center Campinas,Campinas,Maria Oliveira,Concluída,Financiamento,20/06/2026,andre.pereira@email.com,11999990025
27,Paula Fernandes,43,Vinhedo,SP,FAZER 250,Yamaha,Naked,2024,"R$ 27.500,00",Moto Center Vinhedo,Vinhedo,João Silva,CONCLUIDA,Pix,01/07/2026,paula.fernandes@email.com,11999990026
28,Mateus Costa,19,Campinas,SP,CB 300F,Honda,Naked,2025,"R$ 29.990,00",Moto Center Campinas,Campinas,Maria Oliveira,Cancelada,Cartão,05/07/2026,mateus.costa@email.com,11999990027
29,Lucas Ferreira,41,Campinas,SP,CB 500X,Honda,Trail,2025,"R$ 45.990,00",Moto Center Campinas,Campinas,Maria Oliveira,Agendado,Financiamento,10/07/2026,lucas.ferreira@email.com,11999990014
30,Joana Alves,33,Valinhos,SP,PCX 160,Honda,Scooter,2025,"R$ 21.500,00",Moto Center Valinhos,Valinhos,Pedro Souza,Concluída,Pix,15/07/2026,joana.alves@email.com,11999990028
31,Marcos Lima,45,Campinas,SP,MT-07,Yamaha,Naked,2024,"49990",Moto Center Campinas,Campinas,Carlos Santos,Concluída,Financiamento,20/07/2026,marcos.lima@email.com,11999990029
32,Juliana Alves,29,Vinhedo,SP,NMAX 160,Yamaha,Scooter,2025,"20.900,00",Moto Center Vinhedo,Vinhedo,João Silva,Concluída,Pix,25/07/2026,juliana.alves@email.com,11999990030
33,Felipe Souza,17,Campinas,SP,CB 300F,Honda,Naked,2025,"R$ 29.990,00",Moto Center Campinas,Campinas,Maria Oliveira,Concluída,Cartão,30/07/2026,felipe.souza@email.com,11999990031
34,Carla Mendes,39,Campinas,SP,MT-03,Yamaha,Naked,2024,"R$ 32.490,00",Moto Center Campinas,Campinas,Maria Oliveira,Concluida,Financiamento,01/08/2026,carla.mendes@email.com,11999990032
35,Roberto Silva,44,Valinhos,SP,Ninja 400,Kawasaki,Esportiva,2023,"R$ 35.900,00",Moto Center Valinhos,Valinhos,Pedro Souza,Cancelada,Cartão,05/08/2026,roberto.silva@email.com,11999990033
36,Aline Costa,32,Jundiai,SP,CB 500F,Honda,Naked,2024,"R$ 42.500,00",Moto Center Jundiaí,Jundiai,Carlos Santos,Concluída,Financiamento,10/08/2026,aline.costa@email.com,11999990034
37,Bruno Santos,37,Campinas,SP,CB 500X,Honda,Trail,2025,"R$ 45.990,00",Moto Center Campinas,Campinas,João Silva,Concluída,Financiamento,15/08/2026,bruno.santos@email.com,11999990035
38,Marina Oliveira,28,Vinhedo,SP,NMAX 160,Yamaha,Scooter,2025,"R$ 20.900,00",Moto Center Vinhedo,Vinhedo,João Silva,Agendada,Pix,20/08/2026,marina.oliveira@email.com,11999990036
39,Diego Costa,51,Campinas,SP,Versys 650,Kawasaki,Trail,2024,"R$ 49.900,00",Moto Center Campinas,Campinas,Maria Oliveira,Concluída,Financiamento,25/08/2026,diego.costa@email.com,11999990037
40,Paulo Henrique,42,Valinhos,SP,PCX 160,Honda,Scooter,2025,"R$ 21.500,00",Moto Center Valinhos,Valinhos,Pedro Souza,Concluída,Pix,30/08/2026,paulo.henrique@email.com,11999990038
41,Mariana Lima,36,Campinas,SP,MT-03,Yamaha,Naked,2024,"R$ 32.490,00",Moto Center Campinas,Campinas,Maria Oliveira,Concluída,Financiamento,05/09/2026,mariana.lima@email.com,11999990039
42,Gustavo Alves,33,Vinhedo,SP,FAZER 250,Yamaha,Naked,2024,"R$ 27.500,00",Moto Center Vinhedo,Vinhedo,João Silva,Cancelada,Cartão,10/09/2026,gustavo.alves@email.com,11999990040
43,Renan Souza,47,Jundiai,SP,CB 650R,Honda,Naked,2024,"R$ 52.990,00",Moto Center Jundiaí,Jundiai,Carlos Santos,Concluída,Financiamento,15/09/2026,renan.souza@email.com,11999990041
44,Patricia Alves,41,Campinas,SP,SH 150i,Honda,Scooter,2024,"R$ 18.500,00",Moto Center Campinas,Campinas,Maria Oliveira,Agendada,Cartão,20/09/2026,patricia.alves@email.com,11999990042
45,Lucas Santos,26,Vinhedo,SP,Ninja 400,Kawasaki,Esportiva,2023,"R$ 35.900,00",Moto Center Vinhedo,Vinhedo,João Silva,Concluída,Financiamento,25/09/2026,lucas.santos@email.com,11999990043
46,Ana Carolina,34,Valinhos,SP,PCX 160,Honda,Scooter,2025,"R$ 21.500,00",Moto Center Valinhos,Valinhos,Pedro Souza,Concluída,Pix,30/09/2026,ana.carolina@email.com,11999990044
47,Marcelo Lima,55,Campinas,SP,MT-07,Yamaha,Naked,2024,"R$ 49.990,00",Moto Center Campinas,Campinas,Carlos Santos,Concluída,Financiamento,05/10/2026,marcelo.lima@email.com,11999990045
48,Carolina Souza,24,Vinhedo,SP,NMAX 160,Yamaha,Scooter,2025,"R$ 20.900,00",Moto Center Vinhedo,Vinhedo,João Silva,Agendada,Pix,10/10/2026,carolina.souza@email.com,11999990046
49,João Pedro,31,Campinas,SP,CB 300F,Honda,Naked,2025,"R$ 29.990,00",Moto Center Campinas,Campinas,Maria Oliveira,Concluída,Cartão,15/10/2026,joao.pedro@email.com,11999990047
50,Beatriz Lima,28,Valinhos,SP,Ninja 400,Kawasaki,Esportiva,2023,"R$ 35.900,00",Moto Center Valinhos,Valinhos,Pedro Souza,Concluída,Financiamento,20/10/2026,beatriz.lima@email.com,11999990048
51,Rafael Mendes,39,Campinas,SP,CB 500F,Honda,Naked,2024,"R$ 42.500,00",Moto Center Campinas,Campinas,João Silva,Concluída,Financiamento,25/10/2026,rafael.mendes@email.com,11999990049
52,Juliana Martins,43,Vinhedo,SP,FAZER 250,Yamaha,Naked,2024,"R$ 27.500,00",Moto Center Vinhedo,Vinhedo,João Silva,Concluída,Pix,30/10/2026,juliana.martins@email.com,11999990050
53,Carlos Oliveira,48,Jundiai,SP,CB 500X,Honda,Trail,2025,"R$ 45.990,00",Moto Center Jundiaí,Jundiai,Carlos Santos,Cancelada,Financiamento,05/11/2026,carlos.oliveira@email.com,11999990051
54,Fernanda Lima,30,Campinas,SP,PCX 160,Honda,Scooter,2025,"R$ 21.500,00",Moto Center Campinas,Campinas,Maria Oliveira,Concluída,Pix,10/11/2026,fernanda.lima@email.com,11999990052
55,Marcos Souza,62,Vinhedo,SP,Versys 650,Kawasaki,Trail,2024,"R$ 49.900,00",Moto Center Vinhedo,Vinhedo,João Silva,Concluída,Financiamento,15/11/2026,marcos.souza@email.com,11999990053
56,Amanda Lima,33,Campinas,SP,MT-03,Yamaha,Naked,2024,"R$ 32.490,00",Moto Center Campinas,Campinas,Maria Oliveira,Agendada,Cartão,20/11/2026,amanda.lima@email.com,11999990054
57,Diego Souza,40,Valinhos,SP,CB 650R,Honda,Naked,2024,"R$ 52.990,00",Moto Center Valinhos,Valinhos,Pedro Souza,Concluída,Financiamento,25/11/2026,diego.souza@email.com,11999990055
58,Renata Lima,29,Vinhedo,SP,NMAX 160,Yamaha,Scooter,2025,"R$ 20.900,00",Moto Center Vinhedo,Vinhedo,João Silva,Concluída,Pix,30/11/2026,renata.lima@email.com,11999990056
59,Thiago Souza,46,Campinas,SP,MT-07,Yamaha,Naked,2024,"R$ 49.990,00",Moto Center Campinas,Campinas,Carlos Santos,Concluída,Financiamento,05/12/2026,thiago.souza@email.com,11999990057
60,Isabela Lima,25,Valinhos,SP,PCX 160,Honda,Scooter,2025,"R$ 21.500,00",Moto Center Valinhos,Valinhos,Pedro Souza,Concluída,Pix,10/12/2026,isabela.lima@email.com,11999990058